{"moca:slots:044645de-a587-5642-a8bf-bbc4917257e8":{"Slot_003":{"dx":-0.15323811916462554,"dy":-0.503050097593028,"s":1},"Slot_001":{"dx":0,"dy":-0.2046035367084892,"s":1}}}
